{"cameraMode":{"drawMode":0,"name":"Shaded","section":"Shading Mode"},"sceneLighting":true,"audioPlay":false,"sceneViewState":{"showFog":false,"showMaterialUpdate":false,"showSkybox":false,"showFlares":false,"showImageEffects":false,"showParticleSystems":false},"in2DMode":false,"pivot":{"x":-5.812941551208496,"y":14.108963966369629,"z":-34.783653259277347},"rotation":{"x":0.21230237185955048,"y":-0.6315370202064514,"z":0.1856413334608078,"w":0.7222368121147156},"size":4.106199741363525,"orthographic":false}