{"cameraMode":{"drawMode":0,"name":"Shaded","section":"Shading Mode"},"sceneLighting":false,"audioPlay":false,"sceneViewState":{"showFog":false,"showMaterialUpdate":false,"showSkybox":false,"showFlares":false,"showImageEffects":false,"showParticleSystems":false},"in2DMode":false,"pivot":{"x":-0.48410558700561526,"y":0.44386816024780276,"z":-0.7226186990737915},"rotation":{"x":-0.16463704407215119,"y":0.07685038447380066,"z":-0.012867769226431847,"w":-0.9832716584205627},"size":4.657860279083252,"orthographic":false}