{"cameraMode":{"drawMode":0,"name":"Shaded","section":"Shading Mode"},"sceneLighting":false,"audioPlay":false,"sceneViewState":{"showFog":false,"showMaterialUpdate":false,"showSkybox":false,"showFlares":false,"showImageEffects":false,"showParticleSystems":false},"in2DMode":false,"pivot":{"x":0.051264725625514987,"y":2.752682685852051,"z":-0.08667147159576416},"rotation":{"x":-0.000803132017608732,"y":0.7426278591156006,"z":-0.6697033047676086,"w":-0.0008906711591407657},"size":8.584797859191895,"orthographic":false}