{"cameraMode":{"drawMode":0,"name":"Shaded","section":"Shading Mode"},"sceneLighting":true,"audioPlay":false,"sceneViewState":{"showFog":false,"showMaterialUpdate":false,"showSkybox":false,"showFlares":false,"showImageEffects":false,"showParticleSystems":false},"in2DMode":false,"pivot":{"x":0.2924376130104065,"y":0.17185066640377046,"z":-0.2890625},"rotation":{"x":0.6331133842468262,"y":-0.04566837474703789,"z":0.03746158257126808,"w":0.7718021273612976},"size":12.37813663482666,"orthographic":true}