{"cameraMode":{"drawMode":0,"name":"Shaded","section":"Shading Mode"},"sceneLighting":true,"audioPlay":false,"sceneViewState":{"showFog":false,"showMaterialUpdate":false,"showSkybox":false,"showFlares":false,"showImageEffects":false,"showParticleSystems":false},"in2DMode":false,"pivot":{"x":0.16942130029201508,"y":1.2506639957427979,"z":-0.48506322503089907},"rotation":{"x":0.057576388120651248,"y":-0.7481554746627808,"z":0.0654878094792366,"w":0.657768726348877},"size":7.566958427429199,"orthographic":false}