{"cameraMode":{"drawMode":0,"name":"Shaded","section":"Shading Mode"},"sceneLighting":false,"audioPlay":false,"sceneViewState":{"showFog":false,"showMaterialUpdate":false,"showSkybox":false,"showFlares":false,"showImageEffects":false,"showParticleSystems":false},"in2DMode":false,"pivot":{"x":34.955322265625,"y":0.9775214791297913,"z":49.18695068359375},"rotation":{"x":0.01117684692144394,"y":-0.9852973222732544,"z":0.15496595203876496,"w":0.07106275111436844},"size":1610.85498046875,"orthographic":false}