{"cameraMode":{"drawMode":0,"name":"Shaded","section":"Shading Mode"},"sceneLighting":false,"audioPlay":false,"sceneViewState":{"showFog":false,"showMaterialUpdate":false,"showSkybox":false,"showFlares":false,"showImageEffects":false,"showParticleSystems":false},"in2DMode":false,"pivot":{"x":-0.9249721765518189,"y":2.3185489177703859,"z":0.7771121859550476},"rotation":{"x":0.006802794057875872,"y":0.9928719997406006,"z":-0.09592125564813614,"w":0.07041380554437638},"size":6.272646427154541,"orthographic":false}