{"cameraMode":{"drawMode":0,"name":"Shaded","section":"Shading Mode"},"sceneLighting":false,"audioPlay":false,"sceneViewState":{"showFog":false,"showMaterialUpdate":false,"showSkybox":false,"showFlares":false,"showImageEffects":false,"showParticleSystems":false},"in2DMode":false,"pivot":{"x":0.6382976770401001,"y":2.5531487464904787,"z":0.9774494171142578},"rotation":{"x":0.0961437076330185,"y":0.018813708797097207,"z":-0.0018175386358052493,"w":0.9951879978179932},"size":12.617419242858887,"orthographic":false}