{"cameraMode":{"drawMode":0,"name":"Shaded","section":"Shading Mode"},"sceneLighting":false,"audioPlay":false,"sceneViewState":{"showFog":false,"showMaterialUpdate":false,"showSkybox":false,"showFlares":false,"showImageEffects":false,"showParticleSystems":false},"in2DMode":false,"pivot":{"x":-9.349747657775879,"y":-1.6107783317565919,"z":16.30974578857422},"rotation":{"x":0.24435320496559144,"y":0.28844067454338076,"z":-0.07639124244451523,"w":0.9226363897323608},"size":54.387664794921878,"orthographic":false}