{"cameraMode":{"drawMode":0,"name":"Shaded","section":"Shading Mode"},"sceneLighting":true,"audioPlay":false,"sceneViewState":{"showFog":false,"showMaterialUpdate":false,"showSkybox":false,"showFlares":false,"showImageEffects":false,"showParticleSystems":false},"in2DMode":false,"pivot":{"x":-3.3688011169433595,"y":1.6138992309570313,"z":-0.20800280570983888},"rotation":{"x":0.14178122580051423,"y":-0.47913217544555666,"z":0.07874801009893418,"w":0.8626292943954468},"size":7.136420249938965,"orthographic":false}