{"cameraMode":{"drawMode":0,"name":"Shaded","section":"Shading Mode"},"sceneLighting":false,"audioPlay":false,"sceneViewState":{"showFog":false,"showMaterialUpdate":false,"showSkybox":false,"showFlares":false,"showImageEffects":false,"showParticleSystems":false},"in2DMode":false,"pivot":{"x":-21.149978637695314,"y":1.262974500656128,"z":-108.6430435180664},"rotation":{"x":0.04905906692147255,"y":-0.12997056543827058,"z":0.006438801065087318,"w":0.9902825355529785},"size":11.547019004821778,"orthographic":false}