{"cameraMode":{"drawMode":0,"name":"Shaded","section":"Shading Mode"},"sceneLighting":false,"audioPlay":false,"sceneViewState":{"showFog":false,"showMaterialUpdate":false,"showSkybox":false,"showFlares":false,"showImageEffects":false,"showParticleSystems":false},"in2DMode":false,"pivot":{"x":-0.3492431640625,"y":2.616335868835449,"z":211.729736328125},"rotation":{"x":0.04905906692147255,"y":-0.12997056543827058,"z":0.006438801065087318,"w":0.9902825355529785},"size":3273.49755859375,"orthographic":false}