{"cameraMode":{"drawMode":0,"name":"Shaded","section":"Shading Mode"},"sceneLighting":true,"audioPlay":false,"sceneViewState":{"showFog":true,"showMaterialUpdate":true,"showSkybox":false,"showFlares":true,"showImageEffects":true,"showParticleSystems":true},"in2DMode":false,"pivot":{"x":-0.04755132272839546,"y":0.7229810357093811,"z":0.05690285190939903},"rotation":{"x":-0.12696270644664765,"y":-0.8329724073410034,"z":0.21391908824443818,"w":-0.49424293637275698},"size":1.7783623933792115,"orthographic":true}